len,Triton-Attn-Bias (FLOPS),PyTorch-Attn-Bias (FLOPS),PyTorch-SDPA (FLOPS)
256.000000,0.098562,0.072182,0.275397
512.000000,0.416014,0.299426,1.096106
1024.000000,1.553832,1.200104,4.563274
2048.000000,5.919416,2.620457,13.204543
4096.000000,11.536522,2.835272,13.920950
8192.000000,17.122168,2.910497,15.224125
16384.000000,17.574614,2.894561,16.766493
