len,Triton-Attn-Bias (FLOPS),PyTorch-Attn-Bias (FLOPS),PyTorch-SDPA (FLOPS)
256.000000,6.188271,1.646546,3.383988
512.000000,14.740146,2.922090,7.482720
1024.000000,26.877395,2.817934,14.061347
2048.000000,37.042961,2.397494,19.714920
4096.000000,36.803839,2.762667,18.709737
8192.000000,35.036906,3.077841,18.240496
16384.000000,32.332642,3.205471,18.075474
